fy,month,region,state,district,communities,schools,dropouts,ls_target,ls_achieved,ls_boys,ls_girls,ls_summer_camp,ls_session_0_count,ls_session_1_2_count,ls_session_3_plus_count,ls_session_0_pct,ls_session_1_2_pct,ls_session_3_plus_pct,ls_attended_pct,ls_sessions_planned,ls_sessions_held,clc_target,clc_achieved,clc_boys,clc_girls,clc_summer_camp,clc_session_0_count,clc_session_1_4_count,clc_session_5_plus_count,clc_session_0_pct,clc_session_1_4_pct,clc_session_5_plus_pct,clc_attended_pct,clcs_in_project,clc_sessions_planned,clc_sessions_held,clc_level_1,clc_level_2,clc_level_3,gov_meetings_planned,gov_meetings_held,parent_meetings_planned,parent_meetings_held,parents_engaged,house_visits,teacher_meetings_planned,teacher_meetings_held,educator_training,school_staff_training,balpanchayat_formed,balpanchayat_meetings_planned,balpanchayat_meetings_held,events_planned,events_delivered,career_awareness_sessions
FY 2026-27,April,West,Maharashtra,Kalmeshwar,19,26,146,2000,2027,1006,1021,0,1886,0,141,93,0,7,7,0,0,1000,1012,502,510,0,346,366,300,34,36,30,66,10,NSP,NSP,418,310,55,31,21,11,8,129,470,21,15,0,0,10,2,2,67,47,0
FY 2026-27,April,West,Maharashtra,Dolvi,20,26,49,1600,1623,827,796,0,1623,0,0,100,0,0,0,0,0,800,835,406,429,0,835,0,0,100,0,0,0,10,NSP,NSP,558,235,42,5,5,19,19,313,479,0,0,0,0,25,3,3,47,47,0
FY 2026-27,April,West,Maharashtra,Vasind,13,16,0,2000,2027,1045,982,0,2027,0,0,100,0,0,0,NSP,NSP,1000,1000,529,471,0,1000,0,0,100,0,0,0,10,NSP,NSP,376,430,174,10,10,14,14,149,1097,16,16,0,0,16,0,0,41,41,0
FY 2026-27,May,West,Maharashtra,Kalmeshwar,19,26,146,2000,2027,1006,1021,,2027,0,0,100,0,0,0,NSP,NSP,1000,1012,502,510,,1012,0,0,100,0,0,0,10,NSP,NSP,418,310,55,55,54,14,14,202,425,21,20,0,0,10,0,0,95,93,0
FY 2026-27,May,West,Maharashtra,Dolvi,20,26,49,1600,1623,827,796,,1623,0,0,100,0,0,0,NSP,NSP,800,375,198,177,,375,0,0,100,0,0,0,10,NSP,NSP,558,235,42,9,9,21,21,319,512,0,0,0,0,25,0,0,33,33,0
FY 2026-27,May,West,Maharashtra,Vasind,13,16,0,2000,2027,1045,982,,2027,0,0,100,0,0,0,NSP,NSP,1000,1000,529,471,,1000,0,0,100,0,0,0,10,NSP,NSP,376,430,174,9,9,19,19,263,674,3,3,0,0,16,2,2,33,33,0
FY 2026-27,June,West,Maharashtra,Kalmeshwar,19,26,146,1500,1504,731,773,694,1504,0,0,100,0,0,0,0,0,750,846,420,426,388,846,0,0,100,0,0,0,10,0,0,418,310,55,82,82,37,37,530,411,51,50,1,0,10,2,2,234,230,0
FY 2026-27,June,West,Maharashtra,Dolvi,20,26,49,1600,1873,950,923,0,355,1518,0,18.95355045,81.04644955,0,81.04644955,87,87,800,818,423,395,0,15,803,0,1.833740831,98.16625917,0,98.16625917,10,66,66,558,235,42,10,10,51,50,785,347,0,0,2,0,25,12,10,127,124,0
FY 2026-27,June,West,Maharashtra,Vasind,13,16,0,2000,2548,1309,1239,0,648,1900,0,25.43171115,74.56828885,0,74.56828885,81,81,1000,1535,784,751,0,1535,0,0,100,0,0,0,10,0,0,376,430,174,29,29,46,46,579,585,33,32,0,0,16,4,4,129,129,0
FY 2026-27,July,West,Maharashtra,Kalmeshwar,19,26,146,1500,1593,775,818,694,87,145,1361,5.461393596986817,9.102322661644696,85.43628374136848,94.53860640301318,65,65,750,737,347,390,,0,60,677,0,8.14111261872456,91.85888738127545,100,14,40,40,418,310,55,1,1,3,3,33,163,12,11,,,0,0,0,28,26,0
FY 2026-27,July,West,Maharashtra,Dolvi,20,26,49,1600,1829,932,897,0,0,314,1515,0,17.16785128485511,82.8321487151449,100,284,284,800,809,419,390,,0,0,809,0,0,100,100,10,249,249,558,235,42,7,7,4,4,45,219,3,3,,,19,3,3,20,20,0
FY 2026-27,July,West,Maharashtra,Vasind,13,16,0,2000,2412,1222,1190,0,0,551,1861,0,22.8441127694859,77.1558872305141,100,254,254,1000,1007,504,503,,0,1,1006,0,0.099304865938431,99.90069513406156,100,10,280,280,376,430,174,5,5,16,16,375,395,12,12,,,16,2,2,37,37,0
FY 2026-27,August,West,Maharashtra,Kalmeshwar,19,26,,1500,1594,772,822,,0,71,1523,0.0,4.5,95.5,100.0,,,750,753,356,397,,0,37,716,0.0,4.9,95.1,100.0,14,,,142,166,28,5,5,1,1,16,242,6,6,,,0,10,10,27,23,0
FY 2026-27,August,West,Maharashtra,Dolvi,20,26,,1600,1828,931,897,,1,11,1816,0.1,0.6,99.3,99.95,,,800,809,419,390,,0,1,808,0.0,0.1,99.9,100.0,10,,,103,669,33,1,1,5,5,57,175,0,0,,,19,3,3,32,32,0
FY 2026-27,August,West,Maharashtra,Vasind,13,16,,2000,2410,1221,1189,,0,5,2405,0.0,0.2,99.8,100.0,,,1000,1006,503,503,,0,0,1006,0.0,0.0,100.0,100.0,10,,,62,373,63,6,6,12,12,162,407,15,15,,,16,7,7,41,41,0
